{
 "intents": [
  {
  "intent": "onOffIntent",
    "slots": [
      {
        "name": "onOrOff",
        "type": "ON_OFF"
      },

      {
       	"name": "brightnessCmd",
        "type": "BRIGHT_LVLS"
      },

      {
        "name": "deviceName",
        "type": "DEVICE_NAMES"
      }
    ]
  },

  {
  "intent": "AMAZON.HelpIntent"
  }
 ]
}

//--------- ↑ ↑ copy text above this line to Intent Schema of your Custom Skill ↑ ↑ 

/****************************
** Custom Slot Types:
****************************

ON_OFF
on
off

BRIGHT_LVLS
10
20
30
40
50
60
70
80
90
100

DEVICE_NAMES
fan
lamp

*/